Ian,Clement,INFO2G1
Gregooz,Decamp,INFO2G2
Marina,Montfort,INFO2G3
No√©,QuartDuNez,INFO2G4
Walter,Wells,INFO2G1
Daniel,Thompson,INFO2G2
Beverly,Griffin,INFO2G3
Joe,Fuller,INFO2G4
Alice,Snyder,INFO2G1
Rachel,Carpenter,INFO2G1
Brandon,Collins,INFO2G1
Julie,Diaz,INFO2G1
Aaron,Harvey,INFO2G1
Chris,Chavez,INFO2G1
Billy,Hanson,INFO2G1
Ralph,Ramirez,INFO2G1
Steve,Jacobs,INFO2G1
Dorothy,Lawrence,INFO2G1
Antonio,Webb,INFO2G1
Dennis,Wood,INFO2G2
Lisa,Fuller,INFO2G2
John,Larson,INFO2G2
Eugene,Hill,INFO2G2
Joseph,Hill,INFO2G2
Betty,Chapman,INFO2G2
Wayne,Hayes,INFO2G2
Scott,Bradley,INFO2G2
David,Diaz,INFO2G2
Frank,Smith,INFO2G2
Janice,Miller,INFO2G3
Wanda,Bowman,INFO2G3
Dennis,Phillips,INFO2G3
Kathy,Dean,INFO2G3
Jeffrey,Williamson,INFO2G3
Ralph,Mitchell,INFO2G3
John,Perry,INFO2G3
Donald,Elliott,INFO2G3
Rose,Nelson,INFO2G3
Karen,Hart,INFO2G3
Aaron,Riley,INFO2G4
Roy,Hamilton,INFO2G4
Amanda,Turner,INFO2G4
Ruby,Grant,INFO2G4
Brenda,Wright,INFO2G4
Marilyn,Garcia,INFO2G4
Frank,Carter,INFO2G4
Doris,Powell,INFO2G4
Jerry,Sanders,INFO2G4
Sean,Rogers,INFO2G4
Tina,Hudson,INFO2G1
Jacqueline,Romero,INFO2G1
Johnny,Castillo,INFO2G1
Gerald,Mccoy,INFO2G1
Susan,Simpson,INFO2G1
Scott,Black,INFO2G1
Eric,Barnes,INFO2G1
Bruce,Russell,INFO2G1
Tammy,Brown,INFO2G1
Carol,Fields,INFO2G1
Lawrence,Burke,INFO2G2
Harold,Holmes,INFO2G2
Beverly,Gray,INFO2G2
Steven,Murray,INFO2G2
Teresa,Bell,INFO2G2
Wayne,Larson,INFO2G2
Carl,Clark,INFO2G2
Larry,Rice,INFO2G2
Antonio,Hernandez,INFO2G2
Harry,Russell,INFO2G2
Cheryl,Shaw,INFO2G2
Katherine,Brooks,INFO2G2
Carlos,Flores,INFO2G2
Joan,Adams,INFO2G3
Laura,Morrison,INFO2G4
Cynthia,Cox,INFO2G3
Andrea,George,INFO2G3
Sarah,Richardson,INFO2G3
Karen,Meyer,INFO2G3
Julia,Reynolds,INFO2G3
Louise,Ward,INFO2G3
Irene,Flores,INFO2G3
David,Rogers,INFO2G3
Gloria,Banks,INFO2G3
Evelyn,Lawson,INFO2G3
Ashley,Mendoza,INFO2G3
Jacqueline,Owens,INFO2G3
Frances,Wilson,INFO2G3
Betty,Hart,INFO2G3
Thomas,West,INFO2G2
Douglas,Harrison,INFO2G2
Mildred,Mason,INFO2G1
Pamela,Simmons,INFO2G2
George,Fernandez,INFO2G2
Teresa,Austin,INFO2G2
Margaret,Lawson,INFO2G1
Juan,Crawford,INFO2G1
Cheryl,Hart,INFO2G1
Peter,Peters,INFO2G1
Ann,Meyer,INFO2G1
Anne,Little,INFO2G1